Brand Name,Product Details,Product Price,Avaliable Sizes
RIGORER,【超级草根】准者 RIGORER 美式满印轻薄凉感休闲度假直筒裤 宽松九分长裤针织运动裤 男女同款 下装 长裤 涤纶92% 氨纶8% 印花 九分裤 中腰 宽松,229,"Size：S,M,L,XL,XXL"
adidas originals 3 Stripes,adidas originals 3 Stripes 罗纹字母印花三条纹圆领套头修身短袖 插肩袖T恤 上衣 T恤 棉93%氨纶7% 条纹，其他 圆领 短袖 修身,235,"Size：S,M,L,XL,XXL"
adidas originals RETRO TREFOIL,adidas originals RETRO TREFOIL 撞色运动复古运动立领长袖夹克外套 男女同款 亮白 上衣 外套 涤纶（聚酯纤维） 条纹，其他 立领 长袖 宽松,481,"Size：S,M,L,XL,XXL"
EUSU,EUSU 基础款冰丝垂感直筒裤子纯色百搭宽松潮牌阔腿长裤凉感速干薄款运动休闲裤 男 下装 长裤 冰丝款：聚酯纤维95%氨纶5% 纯色 长裤 中腰 宽松,299,"Size：S,M,L,XL,XXL"
FDR,FDR 复古辣妹V领撞色印花运动修身显瘦短袖 T恤 女款 上衣 T恤 棉 字母，数字 V领 短袖 修身,150,"Size：S,M,L,XL,XXL"
FORNINES,FORNINES 索罗娜凉感速干宽松短袖国潮重磅立体印花T恤 男女同款 上衣 T恤 棉73.31% 聚酯纤维26.69% 几何图案，字母 圆领 短袖 宽松,109,"Size：S,M,L,XL,XXL"
GAP,GAP 字母印花圆领套头直筒短袖T恤 男女同款 上衣 T恤 棉100% 字母 圆领 短袖 合身,179,"Size：S,M,L,XL,XXL"
MARDI MERCREDI SS24,MARDI MERCREDI SS24 小雏菊印花显瘦休闲百搭短袖 T恤 女款 上衣 T恤 棉100% 几何图案，字母，植物花卉 圆领 短袖 宽松,299,"Size：S,M,L,XL,XXL"
Nike Sportswear CHILL KNIT,Nike Sportswear CHILL KNIT舒适修身纯色logo印花弹力圆领短袖 T恤 女款 黑 上衣 T恤 莫代尔纤维48% 棉46% 氨纶6% 纯色 圆领 短袖 修身,259,"Size：S,M,L,XL,XXL"
Nike Sportswear,Nike Sportswear 纯色Logo休闲运动翻领短袖Polo衫 男款 黑色 上衣 T恤 棉 纯色 POLO领 短袖 合身,299,"Size：S,M,L,XL,XXL"
Nike Sportswear,Nike Sportswear 美式复古做旧潮流休闲字母印花图案套头圆领短袖 T恤 女款 灰黑色 上衣 T恤 棉 几何图案，字母 圆领 短袖 合身,349,"Size：S,M,L,XL,XXL"
VEIDOORN,维动 VEIDOORN 更迭 篮球薄款梭织速干吸汗透气训练美式直筒九分休闲裤 男女同款 下装 长裤 锦纶90% 氨纶10% 纯色 九分裤 中腰 合身,299,"Size：S,M,L,XL,XXL"
lululemon,lululemon露露乐蒙 Varsity高腰轻盈弹力速干网球百褶休闲短裙 女款 下装 百褶裙 锦纶87% 氨纶13% 纯色 热裤 高腰 合身,469,"Size：S,M,L,XL,XXL"
lululemon,lululemon露露乐蒙 Define Jacket 休闲修身透气吸汗短款夹克 女款 上衣 夹克 面料：锦纶81% 莱卡19% 里料：聚酯纤维89% 莱卡11% 纯色 高领 长袖 修身,1080,"Size：S,M,L,XL,XXL"
Nike,Nike 纯色圆领休闲短袖速干 T恤 女款 白色 上衣 T恤 莫代尔纤维48% 棉46% 氨纶6% 纯色 圆领 短袖 修身,299,"Size：S,M,L,XL,XXL"
lululemon,lululemon露露乐蒙 Wrap-Front 纯色修身休闲速干高尔夫运动无袖连衣裙 女款 海军蓝 上衣 连衣裙 面料：锦纶81% 莱卡19% 里料：聚酯纤维89% 莱卡11% 纯色 其他 无袖 修身,1080,"Size：S,M,L,XL,XXL"
CryingCenter,CryingCenter 消失的Logo渐变色甜酷美式收腰飞机袖短tee哭喊中心T恤 上衣 T恤 94.9%棉5.1%氨纶 纯色，图案 圆领 短袖 修身,89,"Size：S,M,L,XL,XXL"
JOLLIGHT,JOLLIGHT 美式字母印花圆领套头短袖 常规T恤 女款 上衣 T恤 棉100% 纯色，图案，字母 圆领 短袖 修身,299,"Size：S,M,L,XL,XXL"
Arcteryx,Arcteryx始祖鸟 Sima系列 Jacket纯色logo徽标轻薄休闲UPF 40+ 透气速干防晒服 女款 上衣 防晒服 再生聚酯纤维100% 纯色 高领 长袖 修身,2000,"Size：S,M,L,XL,XXL"
FORUYES,FORUYES 贴布绣碎花简约百搭短袖 落肩袖T恤 女款 上衣 T恤 棉100% 纯色 圆领 短袖 修身,299,"Size：S,M,L,XL,XXL"
Polo Ralph Lauren Logo,Polo Ralph Lauren Logo刺绣纯色V领休闲短袖 T恤 女款 粉色 上衣 T恤 棉100% 纯色 圆领 短袖 修身,790,"Size：S,M,L,XL,XXL"
Crying Center,Crying Center 三色渐变经典Logo圆领凉感冰皮面料上衣收腰合身款 哭喊中心 T恤 女款 上衣 T恤 47.4%棉45.1%粘纤7.5%氨纶 纯色，图案 圆领 短袖 合身,89,"Size：S,M,L,XL,XXL"
FILA,FILA斐乐 HERITAGE系列 LOGO字母印花柔软舒适休闲时尚修身polo领短袖连衣裙 女款 正黑色 上衣 连衣裙 棉88.5% 氨纶11.5% 纯色 POLO领 短袖 合身,780,"Size：S,M,L,XL,XXL"
KOLON SPORT SECO,可隆KOLON SPORT SECO系列 SECO系列 高端冰感面料 UPF50+防晒速干吸湿透气亲肤抗菌圆领短袖 SS24T恤 女款 上衣 T恤 棉100% 纯色 圆领 短袖 合身,590,"Size：S,M,L,XL,XXL"
HANDAIWEI,HANDAIWEI 修身收腰弧形下摆纯色短袖 T恤 女款 上衣 T恤 棉92% 氨纶8% 纯色 圆领 短袖 合身,198,"Size：S,M,L,XL,XXL"
MIIOW,猫人 MIIOW 百搭修身UPF50+防紫外线速干透气连帽冰丝防晒服 女款 上衣 防晒服 锦纶88% 氨纶12% 纯色 V领 长袖 修身,399,"Size：S,M,L,XL,XXL"
MARDI MERCREDI SS24 TSHIRT,MARDI MERCREDI SS24 TSHIRT 摇尾花朵项链腊肠狗宽松 T恤 女款 上衣 T恤 棉100% 图案，印花 圆领 短袖 宽松,329,"Size：S,M,L,XL,XXL"
MARDI MERCREDI SS24 TSHIRT,MARDI MERCREDI SS24 TSHIRT 摇尾珍珠项链腊肠狗宽松 T恤 女款 上衣 T恤 棉100% 图案，印花 圆领 短袖 宽松,329,"Size：S,M,L,XL,XXL"
MARDI MERCREDI SS24 SLIM TSHIRT,MARDI MERCREDI SS24 SLIM TSHIRT 摇尾腊肠狗圆领修身 T恤 女款 上衣 T恤 棉100% 图案，印花 圆领 短袖 宽松,329,"Size：S,M,L,XL,XXL"
T,哲娜纯 圆领简约褶皱设计短袖 T恤 女款 上衣 T恤 棉100% 图案，印花 圆领 短袖 宽松,99,"Size：S,M,L,XL,XXL"
adidas ESSENTIALS 3,adidas ESSENTIALS 3-Stripes 运动型格休闲短裤 女款 黑色 下装 短裤 棉92% 氨纶8% 条纹，其他 热裤 高腰 合身,199,"Size：S,M,L,XL,XXL"
CAMEL,CAMEL骆驼 城市机能系列 纯色宽松直筒速干轻薄透气休闲短裤 女款 下装 短裤 聚酯纤维100% 纯色 五分裤 高腰 合身,268,"Size：S,M,L,XL,XXL"
lululemon,lululemon露露乐蒙 Varsity Swift™ 纯色风琴褶皱网球百褶运动速干带内衬高腰半身休闲短裙 女款 白色 下装 短裙 其他 纯色 短款 高腰 合身,780,"Size：S,M,L,XL,XXL"
lululemon,lululemon露露乐蒙 芯吸抽绳弹力吸汗透湿速干运动高腰 紧身裤 女款 下装 紧身裤 LYCRA莱卡 纯色 长裤 高腰 修身,850,"Size：S,M,L,XL,XXL"
MM,MM 复古毛边高腰薄款宽松破洞牛仔短裤 女款 下装 短裤 棉100% 破坏 热裤 中腰 合身,299,"Size：S,M,L,XL,XXL"
alo yoga Suit Up TROUSER,alo yoga Suit Up TROUSER 宽松柔软轻薄弹力高腰常规版直筒西装裤 女款 下装 西装裤 涤纶86% 氨纶14% 纯色 长裤 中腰 修身,1068,"Size：S,M,L,XL,XXL"
adidas originals Parachute,adidas originals Parachute 复古运动三条纹梭织降落伞舒适柔软复古运动休闲裤 女款 黑色 下装 长裤 尼龙100% 条纹，其他 长裤 中腰 合身,699,"Size：S,M,L,XL,XXL"
ROBINHOOD,罗宾汉 ROBINHOOD 美式复古立体发泡刻字膜工艺品牌LOGO印花宽松休闲百搭运动透气垂感落肩圆领短袖T恤 男女同款 上衣 短袖 棉100% 纯色，字母 圆领 短袖 宽松,199,"Size：S,M,L,XL,XXL"
ROBINHOOD,罗宾汉 ROBINHOOD 美式复古高街手绘字母个性印花纯色简约休闲百搭套头潮流基础款短袖 落肩袖T恤 男女同款 上衣 短袖 聚酯纤维100% 纯色，字母 圆领 短袖 宽松,899,"Size：S,M,L,XL,XXL"
ROBINHOOD,罗宾汉 ROBINHOOD 美式高街蝴蝶印花字母宽松休闲户外运动日常通勤时尚潮流舒适百搭圆领短袖T恤 男女同款 上衣 短袖 棉100% 纯色，字母 圆领 短袖 宽松,599,"Size：S,M,L,XL,XXL"
PAUL COSTELLOE,PAUL COSTELLOE保罗.科斯特洛 极简系列 美式高街无性别主义背面印花宽松透气吸汗亲肤户外休闲日常圆领套头重磅纯棉冰丝凉感短袖T恤 男女同款 上衣 短袖 棉100% 纯色，字母 圆领 短袖 宽松,399,"Size：S,M,L,XL,XXL"
K,K411 美式彩色玫瑰字母印花Logo设计落肩圆领套头舒适透气潮流百搭上衣打底衫休闲港风慵懒感宽松大码重磅纯棉短袖T恤 男女同款 上衣 短袖 棉100% 几何图案，字母，植物花卉 圆领 短袖 宽松,499,"Size：S,M,L,XL,XXL"
ROBINHOOD,罗宾汉 ROBINHOOD 美式高街复古背面烟雾玫瑰晕染印花纯棉重磅简约休闲宽松日常时尚潮流纯棉舒适百搭吸汗透气圆领短袖T恤 男女同款 上衣 短袖 棉100% 几何图案，字母，植物花卉 圆领 短袖 宽松,499,"Size：S,M,L,XL,XXL"
THE NORTH FACE,北面THE NORTH FACE 字母图案印花美式复古户外舒适透气圆领短袖 SS24T恤 男款 黑色 上衣 短袖 棉100% 纯色，图案，字母 圆领 短袖 宽松,398,"Size：S,M,L,XL,XXL"
adidas,adidas 吸湿排汗舒适百搭圆领套头短袖T恤 男女同款 黑色 上衣 短袖 棉100% 纯色，图案，字母 圆领 短袖 宽松,299,"Size：S,M,L,XL,XXL"
New Era MLB,New Era MLB 纽约洋基队 花卉徽标印花宽松圆领短袖T恤 男女同款 黑色 上衣 短袖 棉67% 涤纶33% 纯色，图案，字母 圆领 短袖 宽松,439,"Size：S,M,L,XL,XXL"
New Era MLB,New Era MLB 纽约洋基队 后背字母印花圆领短袖T恤 男女同款 黑色 上衣 短袖 棉67% 聚酯纤维33% 纯色，图案，字母 圆领 短袖 宽松,439,"Size：S,M,L,XL,XXL"
New Era MLB Logo,New Era MLB Logo印花圆领腰果花运动短袖T恤 男女同款 白色 上衣 短袖 棉67% 聚酯纤维33% 纯色，图案，字母 圆领 短袖 宽松,399,"Size：S,M,L,XL,XXL"
New Era MLB,New Era MLB 纽约洋基队 花卉徽标印花宽松圆领短袖T恤 男女同款 白色 上衣 短袖 棉67% 涤纶33% 纯色，图案，字母 圆领 短袖 宽松,439,"Size：S,M,L,XL,XXL"
New Era MLB Logo,New Era MLB Logo印花圆领腰果花运动短袖T恤 男女同款 白色 上衣 短袖 棉67% 聚酯纤维33% 纯色，图案，字母 圆领 短袖 宽松,399,"Size：S,M,L,XL,XXL"
LWLG,LWLG 美式辣妹包臀低腰女铆钉设计感休闲短裤 女款 黑色 下装 短裤 涤纶（聚酯纤维） 热裤 中腰 宽松,879,"Size：S,M,L,XL,XXL"
Beerus,比鲁斯Beerus 修身舒适休闲百搭纯色三分裤牛仔短裤 男女同款 下装 短裤 棉75％ 氨纶25％ 热裤 中腰 宽松,99,"Size：S,M,L,XL,XXL"
EMDPN,EMDPN 夏日热卖~黑色百搭牛仔包臀超短热裤女休闲短裤 女款 下装 短裤 涤纶（聚酯纤维） 热裤 中腰 宽松,399,"Size：S,M,L,XL,XXL"
BENGEN,BENGEN冰洁 时尚高街CleanFit美式百搭潮牌基础款小众设计感垂感重磅纯欲风辣妹紧身包臀短热裤牛仔短裤 女款 下装 短裤 牛仔 热裤 中腰 宽松,399,"Size：S,M,L,XL,XXL"
YEARNED,YEARNED 洋气蝴蝶结绑带高腰宽松a字不规则小个子牛仔短裤 女款 浅蓝色 下装 短裤 棉50% 其他材质50% 热裤 中腰 宽松,298,"Size：S,M,L,XL,XXL"
SEVFUN,7 SEVFUN 七色纺 简约高腰设计感百搭复古做旧水洗基础款垂感柔软舒适弹力休闲宽松修身显高显瘦纯色通勤夏季薄款性感辣妹牛仔短裤 女款 浅蓝色 下装 短裤 棉100% 热裤 中腰 宽松,159,"Size：S,M,L,XL,XXL"
FDR,FDR 美式辣妹V领十字架刺绣撞色领复古运动修身显瘦套头短袖 T恤 女款 上衣 短袖 棉100% 纯色，条纹 V领 短袖 宽松,148,"Size：S,M,L,XL,XXL"
FDR,FDR 美式复古辣妹撞色织带修身显瘦休闲套头圆领短袖 常规T恤 女款 上衣 短袖 棉100% 纯色，条纹 圆领 短袖 宽松,173,"Size：S,M,L,XL,XXL"
lululemon,lululemon露露乐蒙 Define Sleeveless Dress 纯色修身舒适柔软休闲短款无袖连衣裙 女款 下装 连衣裙 其他 纯色 高领 无袖 修身,1080,"Size：S,M,L,XL,XXL"
Valeria Obbaco VO,Valeria Obbaco VO 复古miu系撞色圆领无袖千金小香风连衣裙 女款 下装 连衣裙 聚酯纤维77% 粘纤19% 氨纶4% 里料：聚酯纤维100% 撞色 圆领 无袖 合身,2129,"Size：S,M,L,XL,XXL"
d,地素d'zzit 简约优雅修身气质复古直筒遮肉口袋纽扣刺绣撞色V领海军领背心裙裙子针织夏季无袖连衣裙 女款 下装 连衣裙 棉100% 刺绣 V领 无袖 合身,1390,"Size：S,M,L,XL,XXL"
Self Who,"Self Who 条纹撞色简约精致无袖连衣裙 女款 礁石黑 下装 连衣裙 醋纤,涤纶,锦纶 撞色，条纹 圆领 无袖 合身",999,"Size：S,M,L,XL,XXL"
ELLE,"ELLE 法式莱赛尔天丝裙子亲肤凉感休闲宽松背心吊带无袖连衣裙 女款 下装 连衣裙 涤纶,其他,氨纶(聚氨酯弹性纤维) 纯色 圆领 无袖 合身",549,"Size：S,M,L,XL,XXL"
ELLE,"ELLE 优雅简约不规则设计摩登钉珠荷叶边休闲百搭无袖吊带背心上衣衬衫 女款 上衣 背心 棉,涤纶（聚酯纤维） 纯色 圆领 无袖 合身",539,"Size：S,M,L,XL,XXL"
ELLE,"ELLE 舒适休闲小衫简约百搭背心吊带无袖衬衫 女款 上衣 衬衫 涤纶（聚酯纤维）,醋纤,莱赛尔纤维,亚麻 纯色 圆领 无袖 合身",469,"Size：S,M,L,XL,XXL"
SYEEE WITH U,SYEEE WITH U 波西米亚风复古时尚镂空编织马甲假两件拼接无袖设计感背心 女款 杏色 上衣 背心 涤纶（聚酯纤维） 纯色 圆领 无袖 合身,399,"Size：S,M,L,XL,XXL"
YEARNED,YEARNED 甜美风蕾丝蛋糕下摆裙内搭外穿叠穿v领无袖吊带背心 女款 上衣 背心 棉100% 纯色 圆领 无袖 合身,598,"Size：S,M,L,XL,XXL"
Arcteryx,Arcteryx始祖鸟 Sima系列 Hoody 纯色拉链连帽UPF 40+轻薄速干透气风壳工装夹克 男款 上衣 夹克 涤纶（聚酯纤维） 纯色 连帽 长袖 宽松,2000,"Size：S,M,L,XL,XXL"
Arcteryx,Arcteryx始祖鸟 Squamish Hoody 轻薄风壳连帽休闲薄款夹克 男款 上衣 夹克 锦纶 纯色 连帽 长袖 宽松,2000,"Size：S,M,L,XL,XXL"
Arcteryx,Arcteryx始祖鸟 Squamish Hoody风壳 纯色logo印花拉链轻量连帽轻薄 防水防风透气防泼水轻量 防水防风透气防泼水轻量冲锋衣 女款 上衣 短袖 锦纶100% 纯色 圆领 短袖 宽松,2000,"Size：S,M,L,XL,XXL"
Polo Ralph Lauren SS23,Polo Ralph Lauren SS23 纯色Logo刺绣平纹针织V领短袖 T恤 女款 黑色 上衣 短袖 棉100% 纯色 圆领 短袖 宽松,790,"Size：S,M,L,XL,XXL"
Polo Ralph Lauren,Polo Ralph Lauren 纯色Logo刺绣V领短袖 T恤 女款 藏青色 上衣 背心 棉100% 纯色 圆领 无袖 宽松,89,"Size：S,M,L,XL,XXL"
STK SMALL TOWN KID,STK SMALL TOWN KID 美式街头纯色基础字母Logo刺绣宽松无袖背心 男女同款 上衣 背心 棉100% 纯色 圆领 无袖 宽松,89,"Size：S,M,L,XL,XXL"
LEMANISM,LEMANISM 美式复古300g重磅卡通可爱多巴胺毛巾绣腊肠狗宽松圆领上衣短袖 T恤 男女同款 上衣 短袖 棉100% 纯色 圆领 短袖 宽松,199,"Size：S,M,L,XL,XXL"
SEVFUN,7 SEVFUN 七色纺 毛巾绣刺绣小猫重工艺国潮重磅美式复古卡通动漫高街动物猫咪百搭休闲港风潮牌青年圆领落肩宽松短袖T恤 男女同款 上衣 短袖 100%棉 图案，印花 圆领 短袖 宽松,199,"Size：S,M,L,XL,XXL"
MUSCLETECH,MUSCLETECH 肌肉科技美式高街系列西部牛仔模糊人影虚无主义品牌logo字母印花宽松落肩亲肤圆领时尚休闲轻奢短袖T恤 男女同款 上衣 短袖 棉100% 纯色，图案，字母 圆领 短袖 宽松,399,"Size：S,M,L,XL,XXL"
Pirkadat,"Pirkadat 美式街头复古人物字母印花小众设计vintage少年感嘻哈风宽松休闲舒适运动百搭圆领落肩套头上衣夏季短袖T恤 男女同款 上衣 短袖 棉,涤纶 纯色，图案，字母 圆领 短袖 宽松",299,"Size：S,M,L,XL,XXL"
PERK EGLE,PERK EGLE 美式复古重磅纯棉CleanFit重工植绒毛巾刺绣图案国潮高街套头休闲舒适透气垂感校园百搭圆领短袖T恤 男女同款 上衣 短袖 棉100% 纯色，图案，字母 圆领 短袖 宽松,599,"Size：S,M,L,XL,XXL"
PRESSURE,PRESSURE 重磅纯棉美式高街重工刺绣毛巾绣字母Logo印花休闲宽松套头圆领落肩短袖T恤 男女同款 上衣 短袖 棉100% 纯色，图案，字母 圆领 短袖 宽松,399,"Size：S,M,L,XL,XXL"
CAMEL,CAMEL骆驼 城市机能系列 轻薄透气吸湿速干宽松直筒休闲短裤 男款 下装 短裤 聚酯纤维100% 纯色 五分裤 中腰 合身,198,"Size：S,M,L,XL,XXL"
未知品牌,乔丹 纯色运动简约 轻薄透气 吸湿速干科技排汗舒适中腰百搭跑步健身羽毛球直筒五分休闲短裤 男款 黑色 下装 短裤 棉100% 纯色 五分裤 中腰 合身,79,"Size：S,M,L,XL,XXL"
未知品牌,特步 侧面字母印花运动速干透气短裤 男款 下装 短裤 涤纶 纯色 五分裤 中腰 合身,99,"Size：S,M,L,XL,XXL"
Warrior,Warrior回力 乘风破浪系列 冰丝凉感速干透气亲肤舒适美式潮牌纯色基础款宽松百搭户外跑步健身训练五分休闲运动短裤 男女同款 下装 短裤 涤纶 纯色 五分裤 中腰 合身,99,"Size：S,M,L,XL,XXL"
Logo,鸿星尔克 综训系列 吸湿排汗Logo纯色宽松速干透气跑步健身训练直筒五分休闲短裤 男女同款 正黑 下装 短裤 涤纶（聚酯纤维） 纯色 五分裤 中腰 合身,99,"Size：S,M,L,XL,XXL"
Anta,Anta安踏 Logo印花直筒透气速干运动短裤 男款 黑色 下装 短裤 聚酯纤维91% 氨纶9% 纯色 五分裤 中腰 合身,119,"Size：S,M,L,XL,XXL"
PCLP,PCLP 空心线条刺绣小狗撞色领翻袖凉感美式复古圆领合身百搭潮牌短袖T恤 男女同款 上衣 短袖 棉73.31% 聚酯纤维26.69% 撞色，图案 圆领 短袖 合身,209,"Size：S,M,L,XL,XXL"
PCLP,"PCLP 空心珍珠小狗休闲短款凉感设计感百搭修身短袖 T恤 女款 上衣 短袖 棉,氨纶(聚氨酯弹性纤维) 纯色，图案 圆领 短袖 合身",209,"Size：S,M,L,XL,XXL"
T,小栗子 复古小猫魔术贴短袖贴布女夏季宽松纯棉上衣 T恤 女款 上衣 短袖 棉100% 圆领，狗狗图案，字母 圆领 短袖 合身,199,"Size：S,M,L,XL,XXL"
VASI LYEV,VASI LYEV 法式茶歇荷叶边纯色甜美初恋夏日绝美白月光超仙收腰修身不规则下摆显瘦短袖连衣裙 女款 下装 连衣裙 涤纶（聚酯纤维） 纯色 V领 短袖 合身,299,"Size：S,M,L,XL,XXL"
HeartyBite,HeartyBite 不规则法式初恋夏季收腰显瘦小个子气质荷叶裙子短袖连衣裙 女款 下装 连衣裙 聚酯纤维100% 纯色 V领 短袖 合身,599,"Size：S,M,L,XL,XXL"
Kawasaki,Kawasaki川崎 V领透气速干短袖休闲短裙裙装套装 女款 套装 套装 涤纶（聚酯纤维） 字母，条纹 V领 短袖 合身,304,"Size：S,M,L,XL,XXL"
Kawasaki,Kawasaki川崎 条纹字母印花V领透气速干羽毛球服 女款 上衣 短袖 氨纶 字母，条纹 V领 短袖 合身,175,"Size：S,M,L,XL,XXL"
KUMPOO,KUMPOO薰风 速干透气V领套头短袖羽毛球服 男女同款 上衣 短袖 聚酯纤维88％ 氨纶12％ 字母，条纹 V领 短袖 合身,119,"Size：S,M,L,XL,XXL"
Kawasaki,"Kawasaki川崎 草莓冰冰 速干防走光网球裙 运动休闲短裙 女款 奶昔粉 下装 短裙 氨纶(聚氨酯弹性纤维),其他 短款 中腰 合身",169,"Size：S,M,L,XL,XXL"
Kawasaki,Kawasaki川崎 运动健身网球裙百褶裙小蛮腰系列 V腰芭蕾风半身裙 女款 白色 下装 半身裙 聚酯纤维91.6%氨纶8.4% 短款 中腰 合身,149,"Size：S,M,L,XL,XXL"
Kawasaki,Kawasaki川崎 纯色运动健身不走光 瑜伽网球裙半身裙 女款 灰蓝 下装 A字裙 聚酯纤维91.6%氨纶8.4% 短款 中腰 合身,149,"Size：S,M,L,XL,XXL"
PCLP,PCLP 数字足球美式复古宽松凉感短袖T恤 男女同款 上衣 短袖 涤纶 字母，数字 圆领 短袖 宽松,189,"Size：S,M,L,XL,XXL"
Kawasaki,Kawasaki川崎 280G重磅纯棉系列 美式复古拼接撞色半拉链字母Logo印花宽松休闲时尚户外通勤运动圆领短袖T恤 男女同款 上衣 短袖 棉100% 撞色，字母，数字 圆领 短袖 宽松,599,"Size：S,M,L,XL,XXL"
GOLFCROSS,"GOLFCROSS 美式复古徽章条纹字母印花休闲宽松翻领长袖衬衫 男女同款 上衣 衬衫 棉,涤纶,粘纤(粘胶纤维) 纯色，字母，图案 立领 长袖 宽松",499,"Size：S,M,L,XL,XXL"
Carhartt,Carhartt 美式复古布标Logo口袋圆领合身纯色短袖T恤 男款 上衣 T恤 棉100% 纯色 圆领 短袖 合身,119,"Size：S,M,L,XL,XXL"
THE NORTH FACE SS25,北面THE NORTH FACE SS25 纯棉圆领休闲套头短袖美式透气正肩T恤 男女同款 黑色 上衣 T恤 棉 纯色 圆领 短袖 合身,156,"Size：S,M,L,XL,XXL"
Carhartt,Carhartt 布标Logo口袋落肩短袖T恤 男款 白色 上衣 T恤 棉100% 纯色 圆领 短袖 合身,100,"Size：S,M,L,XL,XXL"
Under Armour,Under Armour 安德玛 小标纯色休闲运动翻领训练透气短袖Polo衫 男款 黑色 上衣 T恤 涤纶（聚酯纤维） POLO领 圆领 短袖 合身,177,"Size：S,M,L,XL,XXL"
Carhartt WIP Logo,Carhartt WIP Logo标签口袋短袖T恤 男款 黑色 上衣 T恤 棉100% 纯色 圆领 短袖 合身,298,"Size：S,M,L,XL,XXL"
CALVIN KLEIN,CALVIN KLEIN 简约休闲字母净色纯棉针织短袖T恤 男款 上衣 T恤 棉100% 纯色，字母 圆领 短袖 合身,145,"Size：S,M,L,XL,XXL"
New Era MLB,New Era MLB系列 纽约洋基队 Logo印花圆领套头腰果花运动短袖T恤 男女同款 藏青 上衣 T恤 棉67% 聚酯纤维33% 纯色，字母 圆领 短袖 合身,164,"Size：S,M,L,XL,XXL"
Carhartt,Carhartt 经典草写Logo短袖T恤 男女同款 黑色 上衣 T恤 棉 纯色，字母 圆领 短袖 合身,204,"Size：S,M,L,XL,XXL"
Carhartt,Carhartt 口袋款Logo重磅T恤 男女同款 深蓝色 上衣 T恤 棉100% 纯色 圆领 短袖 合身,171,"Size：S,M,L,XL,XXL"
Polo Ralph Lauren FW22,Polo Ralph Lauren FW22 纯色小马标圆领套头短袖T恤 男款 黑色 上衣 T恤 棉100% 纯色 圆领 短袖 合身,338,"Size：S,M,L,XL,XXL"
Carhartt K570,Carhartt K570 经典布标Logo口袋工装短袖Polo衫 男款 上衣 T恤 聚酯纤维65% 棉35% 纯色 圆领 短袖 合身,259,"Size：S,M,L,XL,XXL"
FDR,FDR 大标识斑驳字母做旧美式运动宽松短袖T恤 男女同款 上衣 T恤 棉100% 纯色，字母 圆领 短袖 合身,135,"Size：S,M,L,XL,XXL"
Carhartt WIP Chase T,Carhartt WIP Chase T-Shirt 简约金线刺绣Logo短袖T恤 男款 黑色 上衣 T恤 棉100% 纯色 圆领 短袖 合身,279,"Size：S,M,L,XL,XXL"
Under Armour,Under Armour 安德玛 纯色Logo休闲运动透气速干短袖Polo衫 男女同款 浅灰 上衣 POLO领 涤纶（聚酯纤维） 纯色 POLO领 短袖 合身,209,"Size：S,M,L,XL,XXL"
MLB x,MLB x 时尚运动系列 x 基础徽标 芝加哥白袜队 印花基本款小标志短袖T恤 男女同款 上衣 T恤 棉 纯色 圆领 短袖 合身,163,"Size：S,M,L,XL,XXL"
MEDM,MEDM 立体蕾丝蝴蝶刺绣潮牌美式休闲百搭潮流时尚简约直筒宽松舒适短袖T恤 男款 上衣 T恤 棉100% 蝴蝶刺绣 圆领 短袖 合身,127,"Size：S,M,L,XL,XXL"
Carhartt K87 LOOSE FIT HEAVYWEIGHT SHORT,Carhartt K87 LOOSE FIT HEAVYWEIGHT SHORT-SLEEVE POCKET T-SHIRT 美式复古布标Logo口袋圆领合身纯色T恤 男款 浅灰色 上衣 T恤 棉90% 聚酯纤维10% 纯色 圆领 短袖 合身,157,"Size：S,M,L,XL,XXL"
Jordan Dri,Jordan Dri-FIT 纯色圆领休闲短袖透气速干T恤 男款 黑色 上衣 T恤 棉57% 聚酯纤维43% 纯色 圆领 短袖 合身,132,"Size：S,M,L,XL,XXL"
CAMEL,CAMEL骆驼 城市机能系列 轻商务休闲吸湿速干透气轻薄短袖Polo衫 男女同款 上衣 T恤 聚酯纤维100% 纯色 POLO领 短袖 合身,88,"Size：S,M,L,XL,XXL"
CAMEL,CAMEL骆驼 城市机能系列 透气弹力丝光珠地棉透气短袖上衣短袖POLO衫 男款 上衣 T恤 聚酯纤维54.3% 棉45.7% 纯色 POLO领 短袖 合身,89,"Size：S,M,L,XL,XXL"
CAMEL,CAMEL骆驼 城市机能系列 山系运动纯棉亲肤透气微宽松短袖Polo衫 男女同款 上衣 POLO领 棉 纯色 POLO领 短袖 合身,118,"Size：S,M,L,XL,XXL"
LiNing,LiNing李宁 Logo印花纯色透气休闲短袖Polo衫 男款 黑色 上衣 POLO领 棉100% 纯色 POLO领 短袖 合身,82,"Size：S,M,L,XL,XXL"
LiNing,LiNing李宁 刺绣Logo速干休闲运动短袖Polo衫 男款 黑色 上衣 POLO领 聚酯纤维100% 纯色 POLO领 短袖 合身,71,"Size：S,M,L,XL,XXL"
CAMEL,"CAMEL骆驼 城市机能系列 防晒速干抗皱短袖Polo衫 男款 上衣 POLO领 氨纶(聚氨酯弹性纤维),锦纶 纯色 POLO领 短袖 合身",89,"Size：S,M,L,XL,XXL"
Under Armour,Under Armour 安德玛 小标纯色休闲运动翻领训练透气短袖Polo衫 男款 黑色 上衣 POLO领 聚酯纤维100% 纯色 POLO领 短袖 合身,177,"Size：S,M,L,XL,XXL"
FANG KONG,"FANG KONG 潮牌简约美式宽松短袖Polo衫 男款 上衣 POLO领 棉,涤纶（聚酯纤维） 纯色 POLO领 短袖 合身",79,"Size：S,M,L,XL,XXL"
BALENO,BALENO 班尼路 基础款日系简约纯色休闲宽松翻领通勤百搭商务舒适透气短袖T恤 上衣 POLO领 聚酯纤维100% 纯色 POLO领 短袖 合身,49,"Size：S,M,L,XL,XXL"
CSKS,CSKS 轻奢商务风征战骑士字母品牌Logo印花基础柔软凉感冰丝透气撞色拼接条纹Polo领百搭宽松休闲短袖Polo衫 男女同款 上衣 POLO领 聚酯纤维100% 纯色 POLO领 短袖 合身,74,"Size：S,M,L,XL,XXL"
adidas Tennis Fab Polo Shirt,adidas Tennis Fab Polo Shirt 速干纯色Logo标识网球运动短袖Polo衫 男款 黑色 上衣 POLO领 聚酯纤维100% 纯色 POLO领 短袖 合身,129,"Size：S,M,L,XL,XXL"
U,U.S. POLO ASSN. 纯棉纯色商务休闲刺绣logo字母舒适不紧绷短袖Polo衫 男款 上衣 POLO领 棉100% 纯色 POLO领 短袖 宽松,159,"Size：S,M,L,XL,XXL"
CHARLIE GOLF,CHARLIE GOLF 美式高街潮牌品牌LOGO字母基础款印花三条杠拼接条纹袖户外运动凉感城市出行商务翻领透气经典简约百搭通勤短袖Polo衫 男女同款 上衣 POLO领 聚酯纤维100% 纯色，条纹 POLO领 短袖 宽松,99,"Size：S,M,L,XL,XXL"
CSKS,CSKS 万针精致刺绣签名字体Logo死神马球二合一轻奢商务风基础拼色条纹polo领柔软凉感冰丝透气百搭宽松休闲短袖Polo衫 男女同款 上衣 POLO领 聚酯纤维100% 纯色，条纹 POLO领 短袖 宽松,77,"Size：S,M,L,XL,XXL"
CSKS,CSKS 新中式国风玫瑰植物花卉死神骷髅Logo印花轻奢商务风基础柔软凉感冰丝透气拼色条纹Polo领百搭宽松休闲短袖Polo衫 男女同款 上衣 POLO领 聚酯纤维100% 纯色，条纹 POLO领 短袖 宽松,74,"Size：S,M,L,XL,XXL"
LiNing,LiNing李宁 训练系列 纯色刺绣Logo运动休闲短袖Polo衫 男女同款 黑色 上衣 POLO领 聚酯纤维100% 纯色 POLO领 短袖 宽松,70,"Size：S,M,L,XL,XXL"
CAMEL,CAMEL骆驼 城市机能系列 户外速干透气排汗轻薄百搭圆领T恤 男款 上衣 POLO领 聚酯纤维100% 纯色 圆领 短袖 宽松,65,"Size：S,M,L,XL,XXL"
CAMEL,CAMEL骆驼 城市机能系列 户外速干透气排汗轻薄百搭圆领T恤 男款 上衣 POLO领 聚酯纤维100% 纯色 圆领 短袖 宽松,65,"Size：S,M,L,XL,XXL"
PUNCTILIOUS,PUNCTILIOUS 美式高街潮流品牌LOGO字母印花小众高级感纯色简约百搭宽松休闲透气速干吸汗学院风日常通勤短袖Polo衫 男女同款 上衣 POLO领 聚酯纤维100% 纯色 POLO领 短袖 宽松,99,"Size：S,M,L,XL,XXL"
PAUL COSTELLOE,PAUL COSTELLOE保罗.科斯特洛 复古经典美式时尚潮流简约花体签名印花字母立体硅胶刻字膜凉感吸汗舒适柔软耐穿cleanfit小众设计百搭中性风短袖Polo衫 男女同款 上衣 POLO领 聚酯纤维100% 撞色，格子 POLO领 短袖 宽松,168,"Size：S,M,L,XL,XXL"
CSKS,CSKS 新中式国风轻商务简约纯色基础款签名字体植物花卉Logo印花柔软凉感冰丝透气翻领百搭宽松休闲短袖Polo衫 男女同款 上衣 POLO领 聚酯纤维100% 纯色，条纹，花卉图案 POLO领 短袖 宽松,74,"Size：S,M,L,XL,XXL"
PAUL COSTELLOE,PAUL COSTELLOE保罗.科斯特洛 亲肤混纺抗皱面料高智感复古西部牛仔logo印花品牌高级感重磅宽松休闲百搭老钱风潮流落肩透气吸汗vintage短袖Polo衫 男女同款 上衣 POLO领 棉70%聚酯纤维27%氨纶 纯色 POLO领 短袖 宽松,179,"Size：S,M,L,XL,XXL"
CAMEL,CAMEL骆驼 城市机能系列 冰感排汗透气上衣POLO衫 男款 上衣 POLO领 棉71.9% 聚酯纤维24.2% 氨纶3.9% 纯色，条纹 POLO领 短袖 宽松,119,"Size：S,M,L,XL,XXL"
Anta,Anta安踏 生活系列 纯色舒适透气百搭休闲短袖Polo衫 男款 男装灰 上衣 POLO领 聚酯纤维86% 氨纶14% 纯色 POLO领 短袖 宽松,89,"Size：S,M,L,XL,XXL"
THE NORTH FACE SS25,北面THE NORTH FACE SS25 纯棉圆领休闲套头短袖美式透气正肩T恤 男女同款 黑色 上衣 圆领 棉 纯色 圆领 短袖 合身,156,"Size：S,M,L,XL,XXL"
CSKS,CSKS 轻奢商务简约纯色马球数字品牌字母Logo印花基础款柔软凉感冰丝透气翻领短袖百搭宽松休闲Polo衫 男女同款 上衣 POLO领 聚酯纤维100% 纯色，条纹。数字 POLO领 短袖 宽松,99,"Size：S,M,L,XL,XXL"
CSKS,CSKS 万针精致刺绣马球小标品牌Logo轻奢商务风简约柔软凉感透气条纹百搭宽松休闲短袖Polo衫 男女同款 上衣 POLO领 聚酯纤维100% 纯色，条纹 POLO领 短袖 宽松,74,"Size：S,M,L,XL,XXL"
ATLETICO DE MADRID 1903,ATLETICO DE MADRID 1903 美式基础款山系纯色抽绳中腰宽松多口袋透气直筒休闲五分工装短裤 男女同款 下装 五分裤 聚酯纤维100% 纯色 五分裤 中腰 宽松,99,"Size：S,M,L,XL,XXL"
PAUL COSTELLOE,PAUL COSTELLOE保罗.科斯特洛 美式高街复古潮流时尚机能多功能字母纯色抽绳系带百搭休闲舒适宽松日常通勤运动工装短裤 男女同款 下装 五分裤 聚酯纤维100% 纯色 五分裤 中腰 宽松,89,"Size：S,M,L,XL,XXL"
ROBINHOOD,罗宾汉 ROBINHOOD 美式高街复古品牌logo字母纯色抽绳系带宽松五分工装短裤 男女同款 下装 五分裤 聚酯纤维100% 纯色 五分裤 中腰 宽松,89,"Size：S,M,L,XL,XXL"
find yourself,find yourself 美式高街潮流工装废土风纯色基础款松紧系带多口袋中性穿搭伐木五分裤子直筒宽松运动休闲短裤 男女同款 下装 五分裤 锦纶 纯色 五分裤 中腰 宽松,99,"Size：S,M,L,XL,XXL"
Caramella,卡拉美拉Caramella 日系原宿纯色百搭多巴胺色系简约宽松日常亲肤凉感五分工装短裤 男女同款 下装 五分裤 锦纶100% 纯色 五分裤 中腰 宽松,109,"Size：S,M,L,XL,XXL"
EVE Jeans,依文 EVE Jeans 美式高街品牌logo字母无性别主义精致口袋校园百搭独特裁剪抽绳系带舒适五分篮球运动针织直筒工装短裤 男女同款 下装 五分裤 聚酯纤维100% 纯色 五分裤 中腰 宽松,79,"Size：S,M,L,XL,XXL"
The Simpsons,The Simpsons辛普森一家 纯色基础款品牌LOGO刺绣松紧系带多口袋美式高街潮流工装废土风中性穿搭伐木五分裤子直筒宽松运动休闲短裤 男女同款 下装 五分裤 锦纶100% 纯色 五分裤 中腰 宽松,99,"Size：S,M,L,XL,XXL"
MINISO,名创优品MINISO 美式高街风潮牌酷帅纯色基础款轻薄宽松透气冰丝凉感五分裤户外休闲运动通勤大口袋微皱垂坠感机能中腰系带工装短裤 男款 下装 五分裤 锦纶100% 纯色 五分裤 中腰 宽松,79,"Size：S,M,L,XL,XXL"
Colorful Creations,Colorful Creations 美式复古宽松休闲绑带机能风五分舒适透气经典潮流时尚百搭户外运动工装短裤 男女同款 下装 五分裤 锦纶100% 纯色 五分裤 中腰 宽松,99,"Size：S,M,L,XL,XXL"
City Hipster,City Hipster 城市潮人夏季美式休闲痞帅高端大口袋宽松潮牌户外机能五分裤子工装短裤 男女同款 下装 五分裤 锦纶100% 纯色 五分裤 中腰 宽松,99,"Size：S,M,L,XL,XXL"
EVE Jeans,依文 EVE Jeans 美式高街品牌logo字母印花痞帅潮流无性别主义日常居家户外通勤校园学生时尚百搭抽绳系带精致口袋工装短裤 男女同款 下装 五分裤 锦纶100% 纯色，字母 五分裤 中腰 宽松,89,"Size：S,M,L,XL,XXL"
The Simpsons,The Simpsons辛普森一家 卡通Logo标侧边撞色条纹宽松纯色系带运动五分休闲短裤 男女同款 下装 五分裤 聚酯纤维62.6% 棉35.8% 氨纶1.6% 纯色，条纹 五分裤 中腰 宽松,129,"Size：S,M,L,XL,XXL"
No Tears,No Tears 冰丝扎染五分裤美式宽松logo字母刺绣多彩抽绳学院风过膝百搭简约基础款速干潮流跑步运动学生休闲短裤 男女同款 下装 五分裤 聚酯纤维100% 刺绣 五分裤 中腰 宽松,189,"Size：S,M,L,XL,XXL"
Jeep,Jeep吉普 休闲系列 SS25 美式经典复古休闲运动山系户外轻薄透气宽松舒适五分工装短裤 男款 下装 五分裤 锦纶100% 纯色 五分裤 中腰 宽松,119,"Size：S,M,L,XL,XXL"
adidas originals RETRO TREFOIL,adidas originals RETRO TREFOIL 撞色运动复古运动立领长袖夹克外套 男女同款 亮白 上衣 夹克 涤纶（聚酯纤维） 纯色，条纹 高领 长袖 宽松,349,"Size：S,M,L,XL,XXL"
PCLP,PCLP 拼接标语加厚保暖字母立领加绒加厚棉服 男女同款 上衣 棉服 聚酯纤维100% 纯色 高领 长袖 合身,248,"Size：S,M,L,XL,XXL"
GOLFCROSS,GOLFCROSS 加厚90白鸭绒立领简约基础款面包服字母Logo印花保暖防寒羽绒服 外套 男女同款 情侣款 上衣 羽绒 聚酯纤维100% 纯色，字母 高领 长袖 宽松,251,"Size：S,M,L,XL,XXL"
PRESSURE,PRESSURE 基础立体字母纯色Logo印花休闲宽松立领面包棉服 男女同款 上衣 羽绒 聚酯纤维100% 纯色 高领 长袖 宽松,99,"Size：S,M,L,XL,XXL"
ACHS AWAKE,ACHS AWAKE觉醒青年 涂鸦恐龙轻薄款羽绒服 男女同款 上衣 羽绒 聚酯纤维100% 纯色，恐龙图案 高领 长袖 合身,389,"Size：S,M,L,XL,XXL"
P,P5 P5 多拉链系列 纯色防水防风青少年户外登山运动连帽休闲下摆抽绳宽松百搭棒球领学生机能风登上棉服三合一外套夹克 男女同款 上衣 夹克 聚酯纤维100% 羽绒服填充物；鸭绒90% 纯色 连帽 长袖 合身,239,"Size：S,M,L,XL,XXL"
adidas 3,adidas 3-Stripes 休闲复古运动立领条纹品牌Logo 黑底白条纹夹克 男女同款 上衣 夹克 涤纶（聚酯纤维） 纯色，条纹 高领 长袖 合身,259,"Size：S,M,L,XL,XXL"
adidas ESSENTIALS,adidas ESSENTIALS 针织立领合身防风运动Logo复古条纹夹克 国际版 秋季 男款 黑色 上衣 夹克 聚酯纤维100% 纯色，条纹 高领 长袖 合身,201,"Size：S,M,L,XL,XXL"
SENCE LA,SENCE LA 抽绳大口袋羊羔绒开衫加绒夹克 男女同款 乳白色 送礼推荐 情侣款 上衣 夹克 聚酯纤维100% 撞色，字母 高领 长袖 宽松,169,"Size：S,M,L,XL,XXL"
MATCHA STORY,MATCHA STORY 字母刺绣宽松拼色棒球服 男女同款情侣款 上衣 夹克 聚酯纤维（聚酯复合弹性纤维）100% 里料：聚酯纤维100% 撞色，字母，条纹 圆领 长袖 宽松,199,"Size：S,M,L,XL,XXL"
CAMEL,CAMEL骆驼 全天候系列 攀冰 撞色拼接休闲户外可拆卸抓绒内胆连帽 防水防风透气保暖冲锋衣 男女同款 上衣 夹克 聚酯纤维100% 撞色 连帽 长袖 合身,319,"Size：S,M,L,XL,XXL"
adidas Essential SS25 WINDBREAKER,adidas Essential SS25 WINDBREAKER 舒适百搭运动条纹休闲夹克外套 男款 白色 上衣 夹克 聚酯纤维100% 纯色，条纹 高领 长袖 合身,329,"Size：S,M,L,XL,XXL"
adidas originals RETRO TREFOIL,adidas originals RETRO TREFOIL 撞色运动复古运动立领长袖夹克外套 男女同款 亮白 上衣 夹克 涤纶（聚酯纤维） 纯色，条纹 高领 长袖 宽松,349,"Size：S,M,L,XL,XXL"
adidas originals,adidas originals 三叶草系列服 复古立领柔软舒适长袖百搭运动条纹夹克外套 男女同款 深靛蓝 上衣 夹克 涤纶（聚酯纤维） 纯色，条纹 高领 长袖 宽松,283,"Size：S,M,L,XL,XXL"
Nike,Nike 运动生活系列 基础款Logo休闲拉链连帽夹克 春季 男款 黑色 上衣 夹克 棉80% 聚酯纤维20% 纯色，字母 连帽 长袖 宽松,243,"Size：S,M,L,XL,XXL"
adidas originals STAG TRACK,adidas originals STAG TRACK 休闲简约百搭连帽夹克外套 男女同款 亮白 上衣 夹克 涤纶（聚酯纤维） 纯色，条纹 连帽 长袖 合身,319,"Size：S,M,L,XL,XXL"
CAMEL,CAMEL骆驼 行侠 全天候系列 户外纯色轻量化高透湿透气防风雨防水防油污连帽外套单层 冲锋衣 男女同款 上衣 冲锋衣 聚酯纤维100% 纯色，字母 连帽 长袖 合身,269,"Size：S,M,L,XL,XXL"
THE NORTH FACE,"北面THE NORTH FACE 城市户外系列 SS24 户外Logo印花连帽拼色 透气速干防紫外线防水防风防晒服 男款 白色 上衣 冲锋衣 丙纶(聚丙烯纤维),其他 撞色 连帽 长袖 合身",319,"Size：S,M,L,XL,XXL"
NOCAO,NOCAO 撞色织带针织运动宽松夹克 男女同款 上衣 夹克 聚酯纤维93.7% 氨纶6.3% 撞色，条纹 高领 长袖 宽松,179,"Size：S,M,L,XL,XXL"
ROBINHOOD,罗宾汉 ROBINHOOD 美式复古基础简约品牌字母LOGO印花高街防风无性别主义学院风侧边条纹撞色拼接户外通勤宽松休闲三条杠飞行教练棒球服 男女同款 上衣 夹克 聚酯纤维100% 纯色，条纹 高领 长袖 宽松,99,"Size：S,M,L,XL,XXL"
MXDT,MXDT 简约纯色UPF50+冰丝冰感轻薄吸汗反光字母LOGO印花宽松连帽 超轻透气防水防紫外线防晒服 男女同款 上衣 防晒衣 锦纶100% 纯色 连帽 长袖 修身,59,"Size：S,M,L,XL,XXL"
MINISO,名创优品MINISO 工装风美式潮牌纯色基础款轻薄透气宽松大码松弛感学生党透气运动休闲吸湿排汗抗皱易打理冰丝凉感翻领短袖衬衫 男女同款 上衣 衬衫 聚酯纤维100% 防晒款：锦纶94% 氨纶6% 纯色 POLO领 短袖 宽松,65,"Size：S,M,L,XL,XXL"
FORHUG,FORHUG 冰丝垂坠纯色基础款方领休闲超宽松短袖衬衫 男女同款 上衣 衬衫 聚酯纤维95.2%氨纶4.8% 纯色 POLO领 短袖 宽松,69,"Size：S,M,L,XL,XXL"
Doraemon,"Doraemon哆啦A梦 薄款日系漫画风简约趣味卡通人物英文字母五角星Logo印花纽扣休闲短袖衬衫 男女同款 上衣 衬衫 涤纶,氨纶(聚氨酯弹性纤维) 纯色，字母，数字 POLO领 短袖 宽松",159,"Size：S,M,L,XL,XXL"
MINISO,名创优品MINISO 冰丝凉感轻薄透气百搭通勤翻领外套纯色极简商务风体制内证件照衬衣宽松oversize柔软亲肤单排扣Polo领短袖衬衫 男女同款 上衣 衬衫 聚酯纤维100% 纯色 POLO领 短袖 宽松,65,"Size：S,M,L,XL,XXL"
paddy julia,"paddy julia 纯色小众解构压褶设计感翻领开衫纽扣宽松休闲舒适百搭日常通勤凉感透气垂感冰丝短袖衬衫 男女同款 上衣 衬衫 涤纶,氨纶(聚氨酯弹性纤维) 纯色 POLO领 短袖 宽松",129,"Size：S,M,L,XL,XXL"
maxim,马克西姆maxim's de paris 冰丝凉感顺滑垂感简约基础款纯色衬衣轻薄柔软舒适透气宽松休闲百搭翻领开衫短袖衬衫 男女同款 上衣 衬衫 聚酯纤维95.8% 氨纶4.2% 纯色 POLO领 短袖 宽松,59,"Size：S,M,L,XL,XXL"
slamble,slamble 跑步健身篮球运动九分侧拉链梭织弹力休闲裤 男女同款 下装 修身裤 聚酯纤维94% 氨纶6% 纯色 九分裤 中腰 修身,69,"Size：S,M,L,XL,XXL"
slamble,slamble 运动潮流裤子拉链口袋宽松训练健身篮球休闲裤 男女同款 下装 修身裤 锦纶90% 氨纶10% 纯色 九分裤 中腰 修身,69,"Size：S,M,L,XL,XXL"
VEIDOORN,"维动 VEIDOORN 更迭 篮球薄款梭织速干吸汗透气训练美式直筒九分休闲裤 男女同款 下装 束脚裤 锦纶,氨纶(聚氨酯弹性纤维) 纯色 长裤 中腰 修身",65,"Size：S,M,L,XL,XXL"
BKCXZICE,BKCXZICE 剪刀印花束脚松紧腰美式速干篮球训练健身九分运动长裤 男女同款 下装 九分裤 涤纶（聚酯纤维） 纯色 九分裤 中腰 宽松,72,"Size：S,M,L,XL,XXL"
NICEID,"NICEID 九分裤露脚踝直筒训练针织运动裤 男女同款 下装 宽松裤 锦纶,氨纶(聚氨酯弹性纤维) 纯色 长裤 中腰 宽松",85,"Size：S,M,L,XL,XXL"
BKCXZICE,BKCXZICE 箭头印花美式速干跑步健身卫裤冰丝凉感宽松直筒篮球训练运动长裤 男款 下装 长裤 涤纶（聚酯纤维） 纯色 长裤 中腰 宽松,72,"Size：S,M,L,XL,XXL"
LUSHISI,LUSHISI 断裂运动系带宽松训练健身卫裤速干长裤休闲裤 男女同款 下装 长裤 聚酯纤维94% 氨纶6% 纯色 长裤 中腰 宽松,99,"Size：S,M,L,XL,XXL"
LiNing,LiNing李宁 纯色Logo松紧速干休闲直筒长裤平口运动裤 男款 黑色 下装 长裤 聚酯纤维86% 氨纶14% 纯色 长裤 中腰 宽松,93,"Size：S,M,L,XL,XXL"
未知品牌,"361° 纯色速干透气冰丝户外运动直筒平口运动裤休闲裤 男女同款 下装 长裤 涤纶（聚酯纤维）,氨纶(聚氨酯弹性纤维) 纯色 长裤 中腰 宽松",69,"Size：S,M,L,XL,XXL"
slamble,slamble 八分薄款运动裤健身跑步训练宽松休闲裤 男女同款 下装 八分裤 涤纶（聚酯纤维） 纯色 九分裤 中腰 宽松,79,"Size：S,M,L,XL,XXL"
Disney,"Disney迪士尼 冰丝薄款凉感速干美式复古潮流泼墨字母垂感高街时尚百搭宽松日常通勤运动直筒拖地休闲裤 男女同款 下装 长裤 涤纶（聚酯纤维）,氨纶(聚氨酯弹性纤维) 纯色，老鼠图案 长裤 中腰 宽松",99,"Size：S,M,L,XL,XXL"
WABRAVE,WABRAVE 美式九分裤宽松篮球运动透气直筒长裤训练跑步潮流休闲裤 男女同款 下装 九分裤 聚酯纤维100% 纯色 长裤 中腰 宽松,79,"Size：S,M,L,XL,XXL"
RIGORER,准者 RIGORER 冰冰弹冰皮长裤纯色中腰直筒宽松松紧轻薄透气休闲裤 男女同款 下装 九分裤 聚酯纤维86% 氨纶14% 纯色 长裤 中腰 宽松,89,"Size：S,M,L,XL,XXL"
